{
    "results": [{
        "command": "./e2e --num 10 --num_of_messages 10",
        "mean": 5.66738176292,
        "stddev": 0.38708639298088476,
        "median": 5.63242686302,
        "user": 1.8688646600000003,
        "system": 2.09574456,
        "min": 5.11942044752,
        "max": 6.22411095652,
        "times": [
            5.60877717452,
            6.22411095652,
            5.68417950852,
            6.0629795375199995,
            5.56451976652,
            5.65607655152,
            5.18528121752,
            5.11942044752,
            5.39202433252,
            6.1764481365199995
        ],
        "exit_codes": [
            0,
            0,
            0,
            0,
            0,
            0,
            0,
            0,
            0,
            0
        ]
    }]
}