{
    "results": [{
        "command": "./e2e --num 10 --num_of_messages 10",
        "mean": 10.691313304800001,
        "stddev": 0.8269843987467643,
        "median": 10.844986333200001,
        "user": 5.081039,
        "system": 6.12106696,
        "min": 8.9026274897,
        "max": 11.5588154477,
        "times": [
            8.9026274897,
            10.3485931157,
            10.6729558617,
            11.2022591087,
            9.999052093700001,
            10.3503813977,
            11.5588154477,
            11.5518292437,
            11.0170168047,
            11.309602484700001
        ],
        "exit_codes": [
            0,
            0,
            0,
            0,
            0,
            0,
            0,
            0,
            0,
            0
        ]
    }]
}