{
    "results": [{
        "command": "./policies-test",
        "mean": 1.6499800260999995,
        "stddev": 0.12468159833630371,
        "median": 1.6342263993,
        "user": 0.01836662,
        "system": 0.02821380666666666,
        "min": 1.4774019048,
        "max": 2.0684255718,
        "times": [
            1.8626887537999999,
            1.7912558708,
            1.7775254808,
            1.7608158538,
            1.5961905008,
            1.6362341357999999,
            1.6506079478,
            1.6482071198000001,
            1.7186882558,
            2.0684255718,
            1.7659846968000001,
            1.7122707578,
            1.6322186628,
            1.6929636848,
            1.6188219438,
            1.6487996308,
            1.6182404458,
            1.4932591948,
            1.6917539088,
            1.5708894358,
            1.5925796198,
            1.5602348287999999,
            1.5719818508,
            1.5500653958000001,
            1.6689776058,
            1.5844428207999999,
            1.4774019048,
            1.4817054018,
            1.5388104468000001,
            1.5173590548
        ],
        "exit_codes": [
            0,
            0,
            0,
            0,
            0,
            0,
            0,
            0,
            0,
            0,
            0,
            0,
            0,
            0,
            0,
            0,
            0,
            0,
            0,
            0,
            0,
            0,
            0,
            0,
            0,
            0,
            0,
            0,
            0,
            0
        ]
    }]
}